playlist_id,title,url,fans,nb_tracks,owner_id,owner_name,seed_artist,first_seen
8695454402,100% Duman,https://www.deezer.com/playlist/8695454402,0,50,4191434582,Deezer Artist Editor,Duman,2026-07-04T13:01:43.267963+00:00
11413251464,Duman,https://www.deezer.com/playlist/11413251464,0,177,5398724364,anonymous,Duman,2026-07-04T13:01:43.268111+00:00
14745702143,Duman,https://www.deezer.com/playlist/14745702143,0,77,6716872501,baran.,Duman,2026-07-04T13:01:43.268128+00:00
10602671862,Turkish Rock,https://www.deezer.com/playlist/10602671862,0,34,885198565,Abdullah.Beyazyüz,Duman,2026-07-04T13:01:43.268138+00:00
8698052582,Türkisch ,https://www.deezer.com/playlist/8698052582,0,24,3747977862,Mert,Duman,2026-07-04T13:01:43.268146+00:00
9210008442,Musical Rebecca,https://www.deezer.com/playlist/9210008442,0,42,141273531,Mary,Duman,2026-07-04T13:01:43.268155+00:00
15101030603,Know the lyrics,https://www.deezer.com/playlist/15101030603,0,60,6748986163,eva17dumas,Duman,2026-07-04T13:01:43.268164+00:00
13284584483,Livre les 3 mousquetaires,https://www.deezer.com/playlist/13284584483,0,638,194924775,lop35,Duman,2026-07-04T13:01:43.268172+00:00
13856265281,music dodo,https://www.deezer.com/playlist/13856265281,0,715,6524424881,Amy DE FIGUEIREDO DUMAS,Duman,2026-07-04T13:01:43.268180+00:00
12601851523,damso,https://www.deezer.com/playlist/12601851523,0,67,5900371563,Marc-Antoine DUMAR,Duman,2026-07-04T13:01:43.268188+00:00
8723083082,100% Adamlar,https://www.deezer.com/playlist/8723083082,0,40,4191434582,Deezer Artist Editor,Duman,2026-07-04T13:01:43.684580+00:00
14541294763,AJ,https://www.deezer.com/playlist/14541294763,0,18,6689845763,brokkoling,Duman,2026-07-04T13:01:43.684614+00:00
13528198243,💥,https://www.deezer.com/playlist/13528198243,0,68,5772226171,anonymous,Duman,2026-07-04T13:01:43.684627+00:00
14283069661,autofahrt,https://www.deezer.com/playlist/14283069661,0,38,6615457441,f_namdar,Duman,2026-07-04T13:01:43.684638+00:00
13522037483,Adamlar,https://www.deezer.com/playlist/13522037483,0,34,820492025,Ali,Duman,2026-07-04T13:01:43.684648+00:00
13033598043,Adamlar,https://www.deezer.com/playlist/13033598043,0,56,4450725002,anonymous,Duman,2026-07-04T13:01:43.684657+00:00
13899121541,Carole Ufuk Beydemir/ Tugkan/ Redd/ Adamlar/Duman,https://www.deezer.com/playlist/13899121541,0,98,11732503,caroess,Duman,2026-07-04T13:01:43.684667+00:00
15360699483,Rıdvan Yıldırım Klinik Çalma Listesi,https://www.deezer.com/playlist/15360699483,0,114,6854656083,dtridvanyildirim,Duman,2026-07-04T13:01:43.684676+00:00
15158215623,S+,https://www.deezer.com/playlist/15158215623,0,26,6813648783,Mehmet Adaş,Duman,2026-07-04T13:01:43.684686+00:00
15424501761,b(￣▽￣)d,https://www.deezer.com/playlist/15424501761,0,19,6839265043,Mr.CoolDuck,Duman,2026-07-04T13:01:43.684696+00:00
8745571362,100% Mor ve Ötesi,https://www.deezer.com/playlist/8745571362,0,50,4191434582,Deezer Artist Editor,Duman,2026-07-04T13:01:44.104542+00:00
15338803823,Turkish music,https://www.deezer.com/playlist/15338803823,0,73,6849787823,unicornloveabc,Duman,2026-07-04T13:01:44.104681+00:00
13559422821,TK,https://www.deezer.com/playlist/13559422821,0,54,2741725342,Steffen,Duman,2026-07-04T13:01:44.104699+00:00
14886581343,Türkisch,https://www.deezer.com/playlist/14886581343,0,12,6636612921,Can,Duman,2026-07-04T13:01:44.104713+00:00
15023727003,mor ve ötesi,https://www.deezer.com/playlist/15023727003,0,12,6708856561,teetee,Duman,2026-07-04T13:01:44.104783+00:00
15221894043,mor ve ötesi,https://www.deezer.com/playlist/15221894043,0,11,6706345161,anonymous,Duman,2026-07-04T13:01:44.104803+00:00
9002234722,türk rock,https://www.deezer.com/playlist/9002234722,0,28,4239002942,EEASLAN,Duman,2026-07-04T13:01:44.104819+00:00
1778589182,Mor Ve Ötesi,https://www.deezer.com/playlist/1778589182,0,60,959994462,janin-kurt,Duman,2026-07-04T13:01:44.104832+00:00
9016993522,Anime Essentials 定番アニメ,https://www.deezer.com/playlist/9016993522,0,50,796271495,Camojada - Deezer Soundtracks Editor,Duman,2026-07-04T13:01:44.583610+00:00
4087822226,100% Maná,https://www.deezer.com/playlist/4087822226,0,50,1990304482,Deezer Artist Editor,Duman,2026-07-04T13:01:44.583650+00:00
13064556623,BOCCHI THE ROCK! ぼっち・ざ・ろっく！,https://www.deezer.com/playlist/13064556623,0,40,1839071082,Deezer Japan Editor,Duman,2026-07-04T13:01:44.583661+00:00
4864894664,New from Japan,https://www.deezer.com/playlist/4864894664,0,100,1839071082,Deezer Japan Editor,Duman,2026-07-04T13:01:44.583669+00:00
11796755481,CITY HUNTER シティーハンター,https://www.deezer.com/playlist/11796755481,0,50,796271495,Camojada - Deezer Soundtracks Editor,Duman,2026-07-04T13:01:44.583677+00:00
14208459801,Weißes Rauschen: Baby Schlafhilfe,https://www.deezer.com/playlist/14208459801,0,23,6620338421,Manja Rieß,Duman,2026-07-04T13:01:44.583684+00:00
8907047882,Festivalbar anni 90s - 2000s // Hit Mania Dance // Pop Revival Party Hits Music,https://www.deezer.com/playlist/8907047882,0,199,1069138824,Anonymous,Duman,2026-07-04T13:01:44.583692+00:00
14323674121,Motorrad,https://www.deezer.com/playlist/14323674121,0,683,6589236161,Mango “123”,Duman,2026-07-04T13:01:44.583700+00:00
12496980503,Das wohltemperierte Klavier,https://www.deezer.com/playlist/12496980503,0,96,1251159622,Mangy,Duman,2026-07-04T13:01:44.583725+00:00
15476925201,Rooooooadtrip,https://www.deezer.com/playlist/15476925201,0,52,4347142322,Manja,Duman,2026-07-04T13:01:44.583732+00:00
8738529682,100% Tarkan,https://www.deezer.com/playlist/8738529682,0,50,4191434582,Deezer Artist Editor,Tarkan,2026-07-04T13:01:45.695931+00:00
15211967783,Tarzan (English Version),https://www.deezer.com/playlist/15211967783,0,14,796271495,Camojada - Deezer Soundtracks Editor,Tarkan,2026-07-04T13:01:45.696313+00:00
15154479003,Tarzan (Version Française),https://www.deezer.com/playlist/15154479003,0,11,796271495,Camojada - Deezer Soundtracks Editor,Tarkan,2026-07-04T13:01:45.696352+00:00
1757418882,Tarzan Musical,https://www.deezer.com/playlist/1757418882,0,23,913004661,paulahercher,Tarkan,2026-07-04T13:01:45.696366+00:00
5396116482,Tarzan,https://www.deezer.com/playlist/5396116482,0,17,2562521382,alkat,Tarkan,2026-07-04T13:01:45.696377+00:00
15097943623,Tarzan & Jane Karaoke,https://www.deezer.com/playlist/15097943623,0,109,6676945263,anonymous,Tarkan,2026-07-04T13:01:45.696390+00:00
5222937704,Tarzan Das Musical,https://www.deezer.com/playlist/5222937704,0,21,2439549304,Makkus84,Tarkan,2026-07-04T13:01:45.696400+00:00
5179358544,Hörbuch Disney Tarzan,https://www.deezer.com/playlist/5179358544,0,36,459523391,natidipadova,Tarkan,2026-07-04T13:01:45.696430+00:00
7962049482,Best of Tarkan,https://www.deezer.com/playlist/7962049482,0,377,489382921,Bora.ikiz@gmx.de,Tarkan,2026-07-04T13:01:45.696442+00:00
10298717762,Gençlik,https://www.deezer.com/playlist/10298717762,0,122,865346861,,Tarkan,2026-07-04T13:01:45.696451+00:00
8847486902,100% Serdar Ortaç,https://www.deezer.com/playlist/8847486902,0,50,4310229462,Deezer Artist Editor,Tarkan,2026-07-04T13:01:46.142552+00:00
2117275344,Alte,https://www.deezer.com/playlist/2117275344,0,64,680608401,Büsra,Tarkan,2026-07-04T13:01:46.142586+00:00
10425674102,Dance trk,https://www.deezer.com/playlist/10425674102,0,46,1917647946,anonymous,Tarkan,2026-07-04T13:01:46.142599+00:00
15388724243,Summer,https://www.deezer.com/playlist/15388724243,0,12,1790854102,Yunus Emre,Tarkan,2026-07-04T13:01:46.142630+00:00
14702970081,turkish 26,https://www.deezer.com/playlist/14702970081,0,39,5664709521,Zeze,Tarkan,2026-07-04T13:01:46.142641+00:00
5378819022,Askim,https://www.deezer.com/playlist/5378819022,0,83,1917647946,anonymous,Tarkan,2026-07-04T13:01:46.142650+00:00
7584819202,100% Mustafa Sandal,https://www.deezer.com/playlist/7584819202,0,50,1990304482,Deezer Artist Editor,Tarkan,2026-07-04T13:01:46.609308+00:00
14276745021,International,https://www.deezer.com/playlist/14276745021,0,41,6635038721,meryem.oezkul,Tarkan,2026-07-04T13:01:46.609369+00:00
7877151702,türkisch,https://www.deezer.com/playlist/7877151702,0,20,1595199162,Nils,Tarkan,2026-07-04T13:01:46.609387+00:00
12331289351,Turki,https://www.deezer.com/playlist/12331289351,0,50,4195670642,Kerstin Wiese,Tarkan,2026-07-04T13:01:46.609403+00:00
14029493181,Mustafa Sandal,https://www.deezer.com/playlist/14029493181,0,124,4542640702,anonymous,Tarkan,2026-07-04T13:01:46.609417+00:00
14205664741,Mustafa Sandal,https://www.deezer.com/playlist/14205664741,0,10,124697571,kussaray,Tarkan,2026-07-04T13:01:46.609431+00:00
3141832422,türkische musik,https://www.deezer.com/playlist/3141832422,0,13,1530438462,Susi,Tarkan,2026-07-04T13:01:46.609445+00:00
14170143321,2000ler,https://www.deezer.com/playlist/14170143321,0,206,6611838321,Gulhan Ozkaya,Tarkan,2026-07-04T13:01:46.609484+00:00
8738607462,100% Gülşen,https://www.deezer.com/playlist/8738607462,0,50,4191434582,Deezer Artist Editor,Tarkan,2026-07-04T13:01:47.088971+00:00
14129832601,Gülsen,https://www.deezer.com/playlist/14129832601,0,10,6604807021,guelsen.oender,Tarkan,2026-07-04T13:01:47.089020+00:00
15469629961,GülEn,https://www.deezer.com/playlist/15469629961,0,30,6875325421,GülEn,Tarkan,2026-07-04T13:01:47.089035+00:00
10424193962,2022,https://www.deezer.com/playlist/10424193962,0,349,1046578702,gülden,Tarkan,2026-07-04T13:01:47.089045+00:00
13897155421,GÜLDEN KARABÖCEK,https://www.deezer.com/playlist/13897155421,0,30,5303186024,Sezgin Dursun,Tarkan,2026-07-04T13:01:47.089055+00:00
8854257622,Yaz Şarkıları - Edis Gülşen Nirvana  | Kendime Sar,https://www.deezer.com/playlist/8854257622,0,195,4258124362,oguzhanalayont,Tarkan,2026-07-04T13:01:47.089065+00:00
4362626802,Gülten,https://www.deezer.com/playlist/4362626802,0,17,1541712602,Qwertz,Tarkan,2026-07-04T13:01:47.089078+00:00
7731733562,Melihat Gülses,https://www.deezer.com/playlist/7731733562,0,766,1425549182,Cilem,Tarkan,2026-07-04T13:01:47.089089+00:00
8027750362,Sezenss,https://www.deezer.com/playlist/8027750362,0,89,3847664202,Anonymous,Tarkan,2026-07-04T13:01:47.089098+00:00
7276673104,100% Sezen Aksu,https://www.deezer.com/playlist/7276673104,0,50,1990304482,Deezer Artist Editor,Sezen Aksu,2026-07-04T13:01:48.080193+00:00
15431771861,Neuer Liste,https://www.deezer.com/playlist/15431771861,0,14,6771315483,Helmut Müller,Sezen Aksu,2026-07-04T13:01:48.080379+00:00
14332023321,Sezen,https://www.deezer.com/playlist/14332023321,0,84,1190938962,aygül,Sezen Aksu,2026-07-04T13:01:48.080398+00:00
15110589103,Türkisch,https://www.deezer.com/playlist/15110589103,0,42,6804980763,musa-maus,Sezen Aksu,2026-07-04T13:01:48.080409+00:00
15094730003,türkiye,https://www.deezer.com/playlist/15094730003,0,19,1990632902,Ewelina,Sezen Aksu,2026-07-04T13:01:48.080420+00:00
15300813183,Vintage Turkish,https://www.deezer.com/playlist/15300813183,0,25,3322502884,anonymous,Sezen Aksu,2026-07-04T13:01:48.080430+00:00
10729108542,A la turka,https://www.deezer.com/playlist/10729108542,0,37,5055629022,Demi,Sezen Aksu,2026-07-04T13:01:48.080439+00:00
13893403261,Serpil,https://www.deezer.com/playlist/13893403261,0,69,5172634902,sinem03021,Sezen Aksu,2026-07-04T13:01:48.080449+00:00
15148721703,Yan yan derdine,https://www.deezer.com/playlist/15148721703,0,13,6767407323,Annie,Sezen Aksu,2026-07-04T13:01:48.080458+00:00
14136257741,Sezen Aksu,https://www.deezer.com/playlist/14136257741,0,136,6605931821,Nihat,Sezen Aksu,2026-07-04T13:01:48.080469+00:00
8748889202,100% Sertab Erener,https://www.deezer.com/playlist/8748889202,0,50,4191434582,Deezer Artist Editor,Sezen Aksu,2026-07-04T13:01:48.930097+00:00
7402736424,Türk 90s-00s,https://www.deezer.com/playlist/7402736424,0,46,76493941,anonymous,Sezen Aksu,2026-07-04T13:01:48.930129+00:00
14635243921,biraz sertab biraz sezen,https://www.deezer.com/playlist/14635243921,0,115,6710016541,Gülsen Çerağ Düzgün,Sezen Aksu,2026-07-04T13:01:48.930142+00:00
13550286941,Sertap Erener - RengaRenk,https://www.deezer.com/playlist/13550286941,0,15,6410079863,Alperen,Sezen Aksu,2026-07-04T13:01:48.930153+00:00
15026148343,Bağıra çağıra,https://www.deezer.com/playlist/15026148343,0,11,6787191543,basakarslan,Sezen Aksu,2026-07-04T13:01:48.930163+00:00
14822739723,play some TURKISH,https://www.deezer.com/playlist/14822739723,0,24,6747689683,Alexander Ossia,Sezen Aksu,2026-07-04T13:01:48.930177+00:00
11060592942,sertap,https://www.deezer.com/playlist/11060592942,0,25,1311659304,Hasret Kizilkaya Koc,Sezen Aksu,2026-07-04T13:01:48.930502+00:00
14365049021,Turkish Good Mood,https://www.deezer.com/playlist/14365049021,0,18,6653584041,beraykazak,Sezen Aksu,2026-07-04T13:01:48.930529+00:00
9029401302,100% Candan Erçetin,https://www.deezer.com/playlist/9029401302,0,50,3476637224,Deezer Artist Editor,Sezen Aksu,2026-07-04T13:01:49.399077+00:00
4202802242,Candan Erçetin — Yalan,https://www.deezer.com/playlist/4202802242,0,13,1915480462,Yasin.MV,Sezen Aksu,2026-07-04T13:01:49.399225+00:00
14618721201,Candan Erçetin — Bahar,https://www.deezer.com/playlist/14618721201,0,131,6707371781,Cafer,Sezen Aksu,2026-07-04T13:01:49.399262+00:00
11152960584,Türk Pop,https://www.deezer.com/playlist/11152960584,0,52,1585152422,anonymous,Sezen Aksu,2026-07-04T13:01:49.399291+00:00
11152961364,Türk slow,https://www.deezer.com/playlist/11152961364,0,11,1585152422,anonymous,Sezen Aksu,2026-07-04T13:01:49.399318+00:00
15258859603,Favo Türküler,https://www.deezer.com/playlist/15258859603,0,50,885198565,Abdullah.Beyazyüz,Sezen Aksu,2026-07-04T13:01:49.399388+00:00
9019726862,TURC,https://www.deezer.com/playlist/9019726862,0,48,1086748044,ben.rb,Sezen Aksu,2026-07-04T13:01:49.399417+00:00
7584949502,100% Teoman,https://www.deezer.com/playlist/7584949502,0,50,1990304482,Deezer Artist Editor,mor ve otesi,2026-07-04T13:01:50.908419+00:00
15192606923,Heff der Chef - Alle Hörspiele,https://www.deezer.com/playlist/15192606923,0,141,6819592423,teoman.p,mor ve otesi,2026-07-04T13:01:50.908494+00:00
15038411123,Teoman — mIx,https://www.deezer.com/playlist/15038411123,0,89,6789842443,aircoo,mor ve otesi,2026-07-04T13:01:50.908510+00:00
8439002042,Teoman,https://www.deezer.com/playlist/8439002042,0,24,3563581324,Devin,mor ve otesi,2026-07-04T13:01:50.908521+00:00
15069801983,Teoman en sevdiklerim,https://www.deezer.com/playlist/15069801983,0,35,6797292043,anonymous,mor ve otesi,2026-07-04T13:01:50.908530+00:00
10572770122,Acoustic Songs %100,https://www.deezer.com/playlist/10572770122,0,220,3982133422,Cannkose,mor ve otesi,2026-07-04T13:01:50.908540+00:00
15301224263,Rl,https://www.deezer.com/playlist/15301224263,0,66,6840683483,Teoman Asar,mor ve otesi,2026-07-04T13:01:50.908549+00:00
13249942003,Mithrandir,https://www.deezer.com/playlist/13249942003,0,84,1938770022,Teoma,mor ve otesi,2026-07-04T13:01:50.908559+00:00
14546859863,TOP toko,https://www.deezer.com/playlist/14546859863,0,348,5226009822,Teoman,mor ve otesi,2026-07-04T13:01:50.908569+00:00
9050567162,100% Şebnem Ferah,https://www.deezer.com/playlist/9050567162,0,50,3476637224,Deezer Artist Editor,Sebnem Ferah,2026-07-04T13:01:52.933193+00:00
13213956363,Best of Şebnem Ferah,https://www.deezer.com/playlist/13213956363,0,33,5312204904,kanlioglu61,Sebnem Ferah,2026-07-04T13:01:52.933385+00:00
15038410943,Turkish Rock,https://www.deezer.com/playlist/15038410943,0,16,6789842443,aircoo,Sebnem Ferah,2026-07-04T13:01:52.933406+00:00
15416581361,Şebo,https://www.deezer.com/playlist/15416581361,0,34,6864116801,mehmettopraksipahi,Sebnem Ferah,2026-07-04T13:01:52.933440+00:00
14513504643,Şebo,https://www.deezer.com/playlist/14513504643,0,24,6656526521,ilker_skech,Sebnem Ferah,2026-07-04T13:01:52.933451+00:00
15135422423,`·-₺°,https://www.deezer.com/playlist/15135422423,0,133,6773423643,Sherry,Sebnem Ferah,2026-07-04T13:01:52.933470+00:00
15254931983,sf,https://www.deezer.com/playlist/15254931983,0,15,6645302021,nehossa,Sebnem Ferah,2026-07-04T13:01:52.933480+00:00
15126110343,kimlik,https://www.deezer.com/playlist/15126110343,0,42,6807805963,aysima,Sebnem Ferah,2026-07-04T13:01:52.933503+00:00
9365962182,100% Athena,https://www.deezer.com/playlist/9365962182,0,50,3476637224,Deezer Artist Editor,Athena,2026-07-04T13:01:55.480056+00:00
11109739604,Athen 2023,https://www.deezer.com/playlist/11109739604,0,292,2938176544,Gerasimo,Athena,2026-07-04T13:01:55.480250+00:00
15235566083,but I say nahhh; do it!,https://www.deezer.com/playlist/15235566083,0,22,5775670071,Angela,Athena,2026-07-04T13:01:55.480279+00:00
14650617021,banger,https://www.deezer.com/playlist/14650617021,0,159,3154630044,Athina,Athena,2026-07-04T13:01:55.480305+00:00
14065801841,Athens Up,https://www.deezer.com/playlist/14065801841,0,65,6590263741,Vandenplas,Athena,2026-07-04T13:01:55.480326+00:00
15220450123,white gurls,https://www.deezer.com/playlist/15220450123,0,58,3154630044,Athina,Athena,2026-07-04T13:01:55.480361+00:00
15265632063,Mpk,https://www.deezer.com/playlist/15265632063,0,15,5421314604,Athene23,Athena,2026-07-04T13:01:55.480371+00:00
15443535481,A,https://www.deezer.com/playlist/15443535481,0,30,6615622341,Athena,Athena,2026-07-04T13:01:55.480391+00:00
14949714623,Athena Sleep,https://www.deezer.com/playlist/14949714623,0,111,6299829503,Donald R. Lhoest,Athena,2026-07-04T13:01:55.480412+00:00
14786766843,CALME TOI,https://www.deezer.com/playlist/14786766843,0,144,6740655803,Athena reine des gouines ,Athena,2026-07-04T13:01:55.480433+00:00
7280809544,Karaoke Hits,https://www.deezer.com/playlist/7280809544,0,50,753546365,Laeti - Deezer Pop Editor,Athena,2026-07-04T13:01:56.893348+00:00
2908222626,Latino Hits 2026 | Latino Vibes | Top Latino (Karo,https://www.deezer.com/playlist/2908222626,0,240,198225115,Digster France,Athena,2026-07-04T13:01:56.893383+00:00
11834624821,Missi,https://www.deezer.com/playlist/11834624821,0,565,5611761641,Andres Karg,Athena,2026-07-04T13:01:56.893398+00:00
15322040323,Kurdo,https://www.deezer.com/playlist/15322040323,0,14,4169762522,Caroline,Athena,2026-07-04T13:01:56.893409+00:00
15416254901,lixvpng,https://www.deezer.com/playlist/15416254901,0,29,6650950381,Felix,Athena,2026-07-04T13:01:56.893420+00:00
14888859143,Alles von BRUCKNER,https://www.deezer.com/playlist/14888859143,0,64,6729259503,Sebastian Karg,Athena,2026-07-04T13:01:56.893430+00:00
12475368903,Alvin und die Chipmunks 1-2,https://www.deezer.com/playlist/12475368903,0,333,5754698471,Karo,Athena,2026-07-04T13:01:56.893441+00:00
14824904263,Nr 1 Digga,https://www.deezer.com/playlist/14824904263,0,164,4746899342,Karlo,Athena,2026-07-04T13:01:56.893450+00:00
15445262801,Festival Roadtrip,https://www.deezer.com/playlist/15445262801,0,102,6703283281,karo,Athena,2026-07-04T13:01:56.893461+00:00
8711789102,100% Yüzyüzeyken Konuşuruz,https://www.deezer.com/playlist/8711789102,0,40,4191434582,Deezer Artist Editor,maNga,2026-07-04T13:01:59.460652+00:00
15463493741,summer safe place,https://www.deezer.com/playlist/15463493741,0,36,6615105421,zzeycaa,maNga,2026-07-04T13:01:59.460747+00:00
6934229544,Derin düşüncelere dalmışken dinlenecek şarkılar,https://www.deezer.com/playlist/6934229544,0,14,3297395244,Anonymous,maNga,2026-07-04T13:01:59.461163+00:00
14750134783,kalan olmadın giden olmadın,https://www.deezer.com/playlist/14750134783,0,42,6732387983,Semih Erbay *,maNga,2026-07-04T13:01:59.461235+00:00
13765719741,🪖,https://www.deezer.com/playlist/13765719741,0,30,6225398863,anonymous,maNga,2026-07-04T13:01:59.461266+00:00
7676615262,S,https://www.deezer.com/playlist/7676615262,0,10,908311991,anonymous,maNga,2026-07-04T13:01:59.461290+00:00
10431288182,algö,https://www.deezer.com/playlist/10431288182,0,19,905864291,yeliz_senay,maNga,2026-07-04T13:01:59.461312+00:00
13911841281,indie - akustik,https://www.deezer.com/playlist/13911841281,0,199,6523549461,yusufsarikus,maNga,2026-07-04T13:01:59.461323+00:00
10749692462,Hayko cepkin,https://www.deezer.com/playlist/10749692462,0,11,2384208144,Patron,Hayko Cepkin,2026-07-04T13:02:02.992377+00:00
13562059741,Türkçe Rock/Pop,https://www.deezer.com/playlist/13562059741,0,89,6432573361,dil****,Hayko Cepkin,2026-07-04T13:02:02.992606+00:00
13562059541,Hayko Cepkin,https://www.deezer.com/playlist/13562059541,0,157,6432573361,dil****,Hayko Cepkin,2026-07-04T13:02:02.992634+00:00
8649134202,Rockum,https://www.deezer.com/playlist/8649134202,0,24,1039498042,Emrebatar,Hayko Cepkin,2026-07-04T13:02:02.992660+00:00
3375456622,Hayko Cepkin,https://www.deezer.com/playlist/3375456622,0,28,1076471724,ranzen31,Hayko Cepkin,2026-07-04T13:02:02.992672+00:00
2877652802,Türkce Rock,https://www.deezer.com/playlist/2877652802,0,18,663999661,emandi,Hayko Cepkin,2026-07-04T13:02:02.992682+00:00
15164503163,BENI Bİ DURDUR AAA,https://www.deezer.com/playlist/15164503163,0,132,6814810623,Perseus,Hayko Cepkin,2026-07-04T13:02:02.992693+00:00
15049665763,Hayko,https://www.deezer.com/playlist/15049665763,0,41,3440840564,Yiğit Nuri Balkan,Hayko Cepkin,2026-07-04T13:02:02.992707+00:00
14865687963,Türkçe mix,https://www.deezer.com/playlist/14865687963,0,295,6756290063,anonymous,Hayko Cepkin,2026-07-04T13:02:02.992725+00:00
15425204921,24,https://www.deezer.com/playlist/15425204921,0,29,833323375,DeaconW,Hayko Cepkin,2026-07-04T13:02:02.992744+00:00
10436999022,100% Pentagram,https://www.deezer.com/playlist/10436999022,0,50,3476637224,Deezer Artist Editor,Hayko Cepkin,2026-07-04T13:02:03.461567+00:00
15195286743,Metal,https://www.deezer.com/playlist/15195286743,0,24,6635142621,l000renz,Hayko Cepkin,2026-07-04T13:02:03.461602+00:00
15301807943,Pentagram,https://www.deezer.com/playlist/15301807943,0,94,4298542442,mr-twink69,Hayko Cepkin,2026-07-04T13:02:03.461617+00:00
13163910463,🎸,https://www.deezer.com/playlist/13163910463,0,290,5751336871,yannick.westphal08,Hayko Cepkin,2026-07-04T13:02:03.461628+00:00
9239915402,Pentagram Auswahl ,https://www.deezer.com/playlist/9239915402,0,33,724022291,anonymous,Hayko Cepkin,2026-07-04T13:02:03.461640+00:00
13350932063,pentagram 24,https://www.deezer.com/playlist/13350932063,0,16,724022291,anonymous,Hayko Cepkin,2026-07-04T13:02:03.461651+00:00
14765869023,DOOMED,https://www.deezer.com/playlist/14765869023,0,58,6728226923,anonymous,Hayko Cepkin,2026-07-04T13:02:03.461660+00:00
15386574623,Doom,https://www.deezer.com/playlist/15386574623,0,222,6860145683,KimuraTaric,Hayko Cepkin,2026-07-04T13:02:03.461746+00:00
15339572403,Ulubione Babki Józki,https://www.deezer.com/playlist/15339572403,0,26,3197117364,Cezary,Hayko Cepkin,2026-07-04T13:02:03.461776+00:00
12865203981,shit,https://www.deezer.com/playlist/12865203981,0,25,5641931321,Clone14,Hayko Cepkin,2026-07-04T13:02:03.461798+00:00
7700157862,Deutschrap Sommer,https://www.deezer.com/playlist/7700157862,0,95,374224155,Yannick - Deezer Deutschland Editor,Pinhani,2026-07-04T13:02:05.465104+00:00
8715779642,100% Pinhani,https://www.deezer.com/playlist/8715779642,0,50,4191434582,Deezer Artist Editor,Pinhani,2026-07-04T13:02:05.465514+00:00
10578289242,Deutschrap Super Hits,https://www.deezer.com/playlist/10578289242,0,93,374224155,Yannick - Deezer Deutschland Editor,Pinhani,2026-07-04T13:02:05.465534+00:00
10214855202,Pinhani,https://www.deezer.com/playlist/10214855202,0,28,4359159922,Beyzacik,Pinhani,2026-07-04T13:02:05.465545+00:00
61160609,Kavak yelleri son,https://www.deezer.com/playlist/61160609,0,21,2387501,anonymous,Pinhani,2026-07-04T13:02:05.465555+00:00
1069657691,Türkisch ,https://www.deezer.com/playlist/1069657691,0,66,609211281,Lara,Pinhani,2026-07-04T13:02:05.465565+00:00
8499895462,Berfin's songs for us to sing together,https://www.deezer.com/playlist/8499895462,0,11,1881598602,Oz,Pinhani,2026-07-04T13:02:05.465575+00:00
8081177522,Pop Rock,https://www.deezer.com/playlist/8081177522,0,26,3876760622,mustafa kaya,Pinhani,2026-07-04T13:02:05.465584+00:00
14198221481,Birden biter mi?..,https://www.deezer.com/playlist/14198221481,0,29,6618710861,anonymous,Pinhani,2026-07-04T13:02:05.465602+00:00
15300889143,Chansons chouettes,https://www.deezer.com/playlist/15300889143,0,12,1146202,anonymous,Pinhani,2026-07-04T13:02:05.465612+00:00
11629543264,Kids Birthday Party Songs That Won't Drive You Caz,https://www.deezer.com/playlist/11629543264,0,117,2209590148,Kallen Nicole Pederson,Pinhani,2026-07-04T13:02:06.906204+00:00
15187286223,Chillen 😴,https://www.deezer.com/playlist/15187286223,0,40,2791867684,Tara Kalsen,Pinhani,2026-07-04T13:02:06.906238+00:00
13804283681,Hard,https://www.deezer.com/playlist/13804283681,0,72,2791867684,Tara Kalsen,Pinhani,2026-07-04T13:02:06.906254+00:00
7293753284,old,https://www.deezer.com/playlist/7293753284,0,246,2791867684,Tara Kalsen,Pinhani,2026-07-04T13:02:06.906264+00:00
15440780961,Park der kalten Stimmen,https://www.deezer.com/playlist/15440780961,0,80,4026870222,Radu-Stefan,Pinhani,2026-07-04T13:02:06.906274+00:00
15265136103,imza,https://www.deezer.com/playlist/15265136103,0,59,799398585,h.suemen,Pinhani,2026-07-04T13:02:06.906283+00:00
13675316141,emotional,https://www.deezer.com/playlist/13675316141,0,128,4956116182,Anna von Kalben,Pinhani,2026-07-04T13:02:06.906293+00:00
15361393163,Kalpten Kalbe,https://www.deezer.com/playlist/15361393163,0,15,3661662942,softqrmy,Pinhani,2026-07-04T13:02:06.906304+00:00
13675606721,oldies,https://www.deezer.com/playlist/13675606721,0,75,4956116182,Anna von Kalben,Pinhani,2026-07-04T13:02:06.906313+00:00
13675315221,ablenkung,https://www.deezer.com/playlist/13675315221,0,65,4956116182,Anna von Kalben,Pinhani,2026-07-04T13:02:06.906758+00:00
4608361584,indie türkisch,https://www.deezer.com/playlist/4608361584,0,46,2193431684,Anonymous,Adamlar,2026-07-04T13:02:09.318076+00:00
13982158381,🧟‍♂️,https://www.deezer.com/playlist/13982158381,0,49,6573026761,Eren,Adamlar,2026-07-04T13:02:09.318148+00:00
4960966864,Açık Seçik Aşk Bandosu,https://www.deezer.com/playlist/4960966864,0,106,2230232704,senapalali,Adamlar,2026-07-04T13:02:09.318164+00:00
14584171761,.,https://www.deezer.com/playlist/14584171761,0,10,5919510723,hyt****,Adamlar,2026-07-04T13:02:09.318175+00:00
6174704824,çalma listesi1,https://www.deezer.com/playlist/6174704824,0,26,356471535,Banuq,Adamlar,2026-07-04T13:02:09.318186+00:00
12841394921,Живая ночная музыка,https://www.deezer.com/playlist/12841394921,0,49,4915120902,Anar İbrahimov,Adamlar,2026-07-04T13:02:09.318197+00:00
15237608443,🍫sfb,https://www.deezer.com/playlist/15237608443,0,44,6828533323,intothesun,Adamlar,2026-07-04T13:02:09.318207+00:00
14096791601,Bir Sinema Filmine Bilet Almışım,https://www.deezer.com/playlist/14096791601,0,50,6583963461,hayat-ı âb,Adamlar,2026-07-04T13:02:09.318217+00:00
9658636882,on the road w/ love,https://www.deezer.com/playlist/9658636882,0,21,4550937542,kertility,Adamlar,2026-07-04T13:02:09.318227+00:00
13867897321,Türkçe Rock Top,https://www.deezer.com/playlist/13867897321,0,39,6353169483,HaRuN,Adamlar,2026-07-04T13:02:09.318237+00:00
7584623482,100% Ezhel,https://www.deezer.com/playlist/7584623482,0,50,1990304482,Deezer Artist Editor,Ezhel,2026-07-04T13:02:10.331372+00:00
15381981403,Dirty Sprite,https://www.deezer.com/playlist/15381981403,0,13,1048254782,Hakan3888,Ezhel,2026-07-04T13:02:10.331532+00:00
15476379001,Ezhel &,https://www.deezer.com/playlist/15476379001,0,49,6876531521,Sevgii,Ezhel,2026-07-04T13:02:10.331553+00:00
14823547603,Ezhel,https://www.deezer.com/playlist/14823547603,0,41,6744348383,seitz.sirin,Ezhel,2026-07-04T13:02:10.331565+00:00
14823546363,Yazlık Ezhel,https://www.deezer.com/playlist/14823546363,0,20,6744348383,seitz.sirin,Ezhel,2026-07-04T13:02:10.331576+00:00
6965620904,Türkçe Rap Mix,https://www.deezer.com/playlist/6965620904,0,18,3280410644,Anonymous,Ezhel,2026-07-04T13:02:10.331587+00:00
10889581382,Murda & Ezhel,https://www.deezer.com/playlist/10889581382,0,32,5188838862,Scar6262,Ezhel,2026-07-04T13:02:10.331598+00:00
14809762963,hayat,https://www.deezer.com/playlist/14809762963,0,24,6745642023,edauniverse,Ezhel,2026-07-04T13:02:10.331607+00:00
13830719701,Ello Bike,https://www.deezer.com/playlist/13830719701,0,12,1121153982,anonymous,Ezhel,2026-07-04T13:02:10.331617+00:00
8691022282,100% Murda,https://www.deezer.com/playlist/8691022282,0,50,4191434582,Deezer Artist Editor,Ezhel,2026-07-04T13:02:10.940776+00:00
13070135203,MURD3R DR0N3S >=3 ,https://www.deezer.com/playlist/13070135203,0,61,5170994002,therottentree,Ezhel,2026-07-04T13:02:10.940812+00:00
14922846603,90s,https://www.deezer.com/playlist/14922846603,0,25,6606817141,Sara Mura,Ezhel,2026-07-04T13:02:10.940825+00:00
14309899961,Beach,https://www.deezer.com/playlist/14309899961,0,31,4487094782,Sercan,Ezhel,2026-07-04T13:02:10.940927+00:00
6563287504,Türkçe Rap,https://www.deezer.com/playlist/6563287504,0,41,144817051,Bahar Bozdoğan,Ezhel,2026-07-04T13:02:10.940939+00:00
10377696942,100% Mura Masa,https://www.deezer.com/playlist/10377696942,0,50,3476637224,Deezer Artist Editor,Ezhel,2026-07-04T13:02:10.940951+00:00
6195842904,& Similar | FKJ - Masego - Mura Masa - Tom Misch,https://www.deezer.com/playlist/6195842904,0,126,1585133282,Glenn-Jordy,Ezhel,2026-07-04T13:02:10.940961+00:00
9355176362,Rap Napoli,https://www.deezer.com/playlist/9355176362,0,27,3396288664,Alfredo La Mura,Ezhel,2026-07-04T13:02:10.940972+00:00
15465537061,LilZey,https://www.deezer.com/playlist/15465537061,0,18,2942429784,RagMete,Ezhel,2026-07-04T13:02:11.393945+00:00
14017854361,Lil zey,https://www.deezer.com/playlist/14017854361,0,22,6580796681,seyma,Ezhel,2026-07-04T13:02:11.393979+00:00
14608061001,Lil,https://www.deezer.com/playlist/14608061001,0,23,3843398362,Kemal Küçükballı,Ezhel,2026-07-04T13:02:11.393992+00:00
15252758443,🤬,https://www.deezer.com/playlist/15252758443,0,29,6831348703,anonymous,Ezhel,2026-07-04T13:02:11.394003+00:00
15326216143,fettetFrånIstanbul,https://www.deezer.com/playlist/15326216143,0,11,6846916683,bekant,Ezhel,2026-07-04T13:02:11.394014+00:00
14165524621,yarım oyun listesi,https://www.deezer.com/playlist/14165524621,0,39,6598768281,elahmet,Ezhel,2026-07-04T13:02:11.394055+00:00
9242621642,Músicas Turcas ,https://www.deezer.com/playlist/9242621642,0,14,1673114846,Priscila.Ribeiro,Ezhel,2026-07-04T13:02:11.394065+00:00
14573556643,011 TURKRAP,https://www.deezer.com/playlist/14573556643,0,34,6695206983,anonymous,Ezhel,2026-07-04T13:02:11.394075+00:00
15153951663,cok iyi,https://www.deezer.com/playlist/15153951663,0,64,6812860403,Ahmet Satık,Ezhel,2026-07-04T13:02:11.394085+00:00
6186174704,Türk Rap,https://www.deezer.com/playlist/6186174704,0,47,2919647164,Sercan Irhan,Ezhel,2026-07-04T13:02:11.394095+00:00
8687076882,100% Ben Fero,https://www.deezer.com/playlist/8687076882,0,25,4191434582,Deezer Artist Editor,Ezhel,2026-07-04T13:02:11.864464+00:00
14749075743,Türkischer Hip Hop,https://www.deezer.com/playlist/14749075743,0,22,6732152603,Suzan,Ezhel,2026-07-04T13:02:11.864519+00:00
15475070021,Tr,https://www.deezer.com/playlist/15475070021,0,27,5989364141,ken****,Ezhel,2026-07-04T13:02:11.864542+00:00
8755842862,Türkiye ,https://www.deezer.com/playlist/8755842862,0,77,4145789802,max.yaya,Ezhel,2026-07-04T13:02:11.864602+00:00
9946192822,Hip-Hop Rap,https://www.deezer.com/playlist/9946192822,0,20,4145141802,Ümit Ürüm,Ezhel,2026-07-04T13:02:11.864621+00:00
12207199891,Fero,https://www.deezer.com/playlist/12207199891,0,23,5772545071,Muhammet Enes ÇOLAK,Ezhel,2026-07-04T13:02:11.864639+00:00
13292585263,Ben Fero,https://www.deezer.com/playlist/13292585263,0,13,5169352702,Sezer Engin,Ezhel,2026-07-04T13:02:11.864656+00:00
8766939042,100% UZI,https://www.deezer.com/playlist/8766939042,0,50,4191434582,Deezer Artist Editor,UZI,2026-07-04T13:02:12.925554+00:00
7347383444,100% Lil Uzi Vert,https://www.deezer.com/playlist/7347383444,0,50,1990304482,Deezer Artist Editor,UZI,2026-07-04T13:02:12.926128+00:00
15467323781,Mit uzi N Cyn und V insgesamt cool,https://www.deezer.com/playlist/15467323781,0,26,2671660142,Maggie Sky,UZI,2026-07-04T13:02:12.926203+00:00
13167347543,Amy Trap,https://www.deezer.com/playlist/13167347543,0,138,3661279242,anonymous,UZI,2026-07-04T13:02:12.926225+00:00
15110522143,Uzi,https://www.deezer.com/playlist/15110522143,0,16,771043615,Marius ,UZI,2026-07-04T13:02:12.926243+00:00
11101710144,Uživoteka,https://www.deezer.com/playlist/11101710144,0,213,5253420482,anonymous,UZI,2026-07-04T13:02:12.926260+00:00
6820551544,100% Da Uzi,https://www.deezer.com/playlist/6820551544,0,40,1990304482,Deezer Artist Editor,UZI,2026-07-04T13:02:12.926278+00:00
14793125663,DA Uzi - Architecte,https://www.deezer.com/playlist/14793125663,0,142,5201845762,julie Frere,UZI,2026-07-04T13:02:12.926294+00:00
12100716951,666,https://www.deezer.com/playlist/12100716951,0,203,3535628784,Uzi César ,UZI,2026-07-04T13:02:12.926308+00:00
15471694441,-⃝⃤🐾✮*quadrobic⋆｡𖦹🌲,https://www.deezer.com/playlist/15471694441,0,119,6693565643,*•_UZI_•*,UZI,2026-07-04T13:02:12.926321+00:00
8259958242,100% Timal,https://www.deezer.com/playlist/8259958242,0,50,4191434582,Deezer Artist Editor,UZI,2026-07-04T13:02:13.399123+00:00
1099062511,Next France 2026,https://www.deezer.com/playlist/1099062511,0,15,6854208363,Deezer Next,UZI,2026-07-04T13:02:13.399159+00:00
2367275622,80er,https://www.deezer.com/playlist/2367275622,0,136,748688595,TimoL,UZI,2026-07-04T13:02:13.399174+00:00
2377811005,Zigarre,https://www.deezer.com/playlist/2377811005,0,40,748688595,TimoL,UZI,2026-07-04T13:02:13.399185+00:00
5177382324,Freestyle/Rapport Timal,https://www.deezer.com/playlist/5177382324,0,19,99724251,anonymous,UZI,2026-07-04T13:02:13.399195+00:00
14600782061,100% Timar,https://www.deezer.com/playlist/14600782061,0,20,4191426642,Deezer Artist Editor,UZI,2026-07-04T13:02:13.399205+00:00
15049157043,rap,https://www.deezer.com/playlist/15049157043,0,56,5435925344,raphaellejeune669,UZI,2026-07-04T13:02:13.399215+00:00
10410012582,Timal La 1-2-3-4-5-6-7-8-9-10-11-12-13-14-15-vatos,https://www.deezer.com/playlist/10410012582,0,16,5004325242,Drlerusse,UZI,2026-07-04T13:02:13.399225+00:00
15433281361,Mx vt avr le Q entre 2 🪑que 2 🪑 dans le Q,https://www.deezer.com/playlist/15433281361,0,94,4260352202,Dorian Danon,UZI,2026-07-04T13:02:13.399235+00:00
7255666684,100% Landy,https://www.deezer.com/playlist/7255666684,0,50,1990304482,Deezer Artist Editor,UZI,2026-07-04T13:02:13.896131+00:00
15476607681,Die Pferde Wandler von Ventusia,https://www.deezer.com/playlist/15476607681,0,706,6508532981,anonymous,UZI,2026-07-04T13:02:13.896168+00:00
8749486182,sophrologie ,https://www.deezer.com/playlist/8749486182,0,121,1914105222,alex84,UZI,2026-07-04T13:02:13.896183+00:00
9338140882,La La Land,https://www.deezer.com/playlist/9338140882,0,15,371895015,anonymous,UZI,2026-07-04T13:02:13.896194+00:00
13718458701,Tomorrow Land 2025,https://www.deezer.com/playlist/13718458701,0,130,1756144486,Ldesouz@,UZI,2026-07-04T13:02:13.896207+00:00
15441551761,Le Sserafim,https://www.deezer.com/playlist/15441551761,0,18,5436382644,Victoria Land,UZI,2026-07-04T13:02:13.896222+00:00
10334269942,Batman - No Man's Land,https://www.deezer.com/playlist/10334269942,0,94,4893642722,AntonWegener,UZI,2026-07-04T13:02:13.896232+00:00
15095681163,Die Stadt der bösen Tiere,https://www.deezer.com/playlist/15095681163,0,395,6802107223,Flamingogirl,UZI,2026-07-04T13:02:13.896243+00:00
14763089083,Schau ins Land,https://www.deezer.com/playlist/14763089083,0,17,6442158701,Melanie,UZI,2026-07-04T13:02:13.896254+00:00
15450119321,^⁠_⁠^,https://www.deezer.com/playlist/15450119321,0,13,6831411843,Octave Moutault Raimbaud,UZI,2026-07-04T13:02:14.319656+00:00
14565345103,🏍️,https://www.deezer.com/playlist/14565345103,0,638,6218994403,Vasco,UZI,2026-07-04T13:02:14.319682+00:00
15301121383,Sport,https://www.deezer.com/playlist/15301121383,0,70,6725461141,Nael,UZI,2026-07-04T13:02:14.319701+00:00
15365989323,Street,https://www.deezer.com/playlist/15365989323,0,34,2162740564,ilan,UZI,2026-07-04T13:02:14.319718+00:00
15099635203,🫥,https://www.deezer.com/playlist/15099635203,0,162,6774994483,Uub,UZI,2026-07-04T13:02:14.319734+00:00
15371634543,Isaac,https://www.deezer.com/playlist/15371634543,0,19,6538253381,fkhelidj13,UZI,2026-07-04T13:02:14.320303+00:00
8830126302,Da Uzi,https://www.deezer.com/playlist/8830126302,0,47,2492113942,Simon Calas,UZI,2026-07-04T13:02:14.320350+00:00
14832544403,2026 mov,https://www.deezer.com/playlist/14832544403,0,10,720919421,Brice.Picard,UZI,2026-07-04T13:02:14.320371+00:00
15260119023,Türkisch,https://www.deezer.com/playlist/15260119023,0,78,6832749863,ugurmutluoglu,Semicenk,2026-07-04T13:02:15.400169+00:00
13849347121,Semicenk,https://www.deezer.com/playlist/13849347121,0,19,6522036601,Ufuk Balci,Semicenk,2026-07-04T13:02:15.400581+00:00
13290880023,Semicenk,https://www.deezer.com/playlist/13290880023,0,16,5979718583,Semiha Balci,Semicenk,2026-07-04T13:02:15.400607+00:00
15133744703,✨❤️,https://www.deezer.com/playlist/15133744703,0,27,6809125083,anonymous,Semicenk,2026-07-04T13:02:15.400620+00:00
12805371341,Semicenk,https://www.deezer.com/playlist/12805371341,0,24,971436902,Cano1612,Semicenk,2026-07-04T13:02:15.400630+00:00
14370360601,Cengonun sevdikleri,https://www.deezer.com/playlist/14370360601,0,14,1039498042,Emrebatar,Semicenk,2026-07-04T13:02:15.400640+00:00
9883956022,Türkisch Slow Rap 🔊💯🔊🇹🇷,https://www.deezer.com/playlist/9883956022,0,19,4776971982,Erdogan Sangu,Semicenk,2026-07-04T13:02:15.400650+00:00
15422339641,Flug,https://www.deezer.com/playlist/15422339641,0,43,878729511,enes,Semicenk,2026-07-04T13:02:15.400661+00:00
8711505282,100% Velet,https://www.deezer.com/playlist/8711505282,0,50,4191434582,Deezer Artist Editor,Semicenk,2026-07-04T13:02:16.047601+00:00
8338611662,100% The Velvet Underground,https://www.deezer.com/playlist/8338611662,0,46,4191434582,Deezer Artist Editor,Semicenk,2026-07-04T13:02:16.047637+00:00
9050234722,100% Velvet Revolver,https://www.deezer.com/playlist/9050234722,0,30,3476637224,Deezer Artist Editor,Semicenk,2026-07-04T13:02:16.047650+00:00
9742003162,100% Green Velvet,https://www.deezer.com/playlist/9742003162,0,41,3476637224,Deezer Artist Editor,Semicenk,2026-07-04T13:02:16.047732+00:00
7397512224,100% Red Velvet,https://www.deezer.com/playlist/7397512224,0,50,1990304482,Deezer Artist Editor,Semicenk,2026-07-04T13:02:16.047745+00:00
15426653581,ICH,https://www.deezer.com/playlist/15426653581,0,16,6752717163,XA36,Semicenk,2026-07-04T13:02:16.047757+00:00
15372137843,dark desire,https://www.deezer.com/playlist/15372137843,0,89,3174909984,anonymous,Semicenk,2026-07-04T13:02:16.047768+00:00
8153815662,VELVET SOUNDTRACK,https://www.deezer.com/playlist/8153815662,0,46,858457551,Anne,Semicenk,2026-07-04T13:02:16.047778+00:00
14182582161,Blue Velvet,https://www.deezer.com/playlist/14182582161,0,43,5684558921,Inge,Semicenk,2026-07-04T13:02:16.047789+00:00
14694991541,Velvet Vibes,https://www.deezer.com/playlist/14694991541,0,129,4559629102,Joschi,Semicenk,2026-07-04T13:02:16.047799+00:00
11311765704,Julio Melgar — Tus Cuerdas de Amor8,https://www.deezer.com/playlist/11311765704,0,23,5347364344,omarias,Semicenk,2026-07-04T13:02:16.480247+00:00
15047940143,Kein Bock mehr auf Liebe,https://www.deezer.com/playlist/15047940143,0,55,3246899064,anonymous,Semicenk,2026-07-04T13:02:16.480286+00:00
14802757383,#habgarkeininsta,https://www.deezer.com/playlist/14802757383,0,12,1625109102,AHMO,Semicenk,2026-07-04T13:02:16.480300+00:00
14853262683,turks muziek,https://www.deezer.com/playlist/14853262683,0,30,6723673661,sultangonen@live.nl,Semicenk,2026-07-04T13:02:16.480311+00:00
15236722063,ömrüm 🤍,https://www.deezer.com/playlist/15236722063,0,11,3995696262,anonymous,Semicenk,2026-07-04T13:02:16.480322+00:00
15428920141,Damar,https://www.deezer.com/playlist/15428920141,0,18,6487134881,Kadir,Semicenk,2026-07-04T13:02:16.480353+00:00
15407539023,Türkiye,https://www.deezer.com/playlist/15407539023,0,51,6856146103,bonvoyageetbonappetit,Semicenk,2026-07-04T13:02:16.480365+00:00
15320117123,seroooo 🫶🏽mai 2026,https://www.deezer.com/playlist/15320117123,0,12,20067206,boubou,Semicenk,2026-07-04T13:02:16.480375+00:00
14535388723,🇹🇷,https://www.deezer.com/playlist/14535388723,0,13,883324685,talia,Semicenk,2026-07-04T13:02:16.480385+00:00
12959993183,Turkish,https://www.deezer.com/playlist/12959993183,0,20,2739117682,Blandine,Semicenk,2026-07-04T13:02:16.480396+00:00
8699986922,100% Tuğçe Kandemir,https://www.deezer.com/playlist/8699986922,0,25,4191434582,Deezer Artist Editor,Semicenk,2026-07-04T13:02:16.892196+00:00
15260852703,Tuğçe Kandemir,https://www.deezer.com/playlist/15260852703,0,32,6474000681,Ferdi Kaya,Semicenk,2026-07-04T13:02:16.892248+00:00
7694334962,Tuğçe Kandemir,https://www.deezer.com/playlist/7694334962,0,10,3434252444,TalhaSaid,Semicenk,2026-07-04T13:02:16.892266+00:00
14573271583,Turk,https://www.deezer.com/playlist/14573271583,0,13,2473698664,Anoir,Semicenk,2026-07-04T13:02:16.892278+00:00
11626335864,Turkish,https://www.deezer.com/playlist/11626335864,0,15,4920931242,Azdine,Semicenk,2026-07-04T13:02:16.892290+00:00
6942480704,türkçe pop,https://www.deezer.com/playlist/6942480704,0,13,3255260964,bakalov,Semicenk,2026-07-04T13:02:16.892306+00:00
12535649763,yes songs,https://www.deezer.com/playlist/12535649763,0,12,5922218123,Mercan,Semicenk,2026-07-04T13:02:16.892614+00:00
14395473881,tugce kandemir,https://www.deezer.com/playlist/14395473881,0,26,1353582944,Arasule    ,Semicenk,2026-07-04T13:02:16.892634+00:00
1145928133,Kraftsport Mix | Gym Fitness Pump & Workout Motiva,https://www.deezer.com/playlist/1145928133,0,93,79612201,Mega Hits,Motive,2026-07-04T13:02:18.188633+00:00
9559834582,Matin motivé ! ☀️☀️ Réveil de bonne humeur,https://www.deezer.com/playlist/9559834582,0,98,198225115,Digster France,Motive,2026-07-04T13:02:18.189086+00:00
15470100941,Favorite songs - 2026-06-28,https://www.deezer.com/playlist/15470100941,0,11,975794542,Blacky,Motive,2026-07-04T13:02:18.189115+00:00
14941301663,motiv. neu,https://www.deezer.com/playlist/14941301663,0,54,5179112142,Henri,Motive,2026-07-04T13:02:18.189128+00:00
15428065421,Chill mal was Con-Creter Vol. 3 2026,https://www.deezer.com/playlist/15428065421,0,14,2469230084,Con-Creter,Motive,2026-07-04T13:02:18.189139+00:00
12643870803,"Treino 2026💪 Música Para Academia, Malhar & Motiva",https://www.deezer.com/playlist/12643870803,0,269,5972001603,Storm Music Group,Motive,2026-07-04T13:02:18.189150+00:00
15266299423,Motivé,https://www.deezer.com/playlist/15266299423,0,86,5042398622,Babe,Motive,2026-07-04T13:02:18.189163+00:00
15441529001,Motiv4tion.  V,https://www.deezer.com/playlist/15441529001,0,12,3498470464,Maxime,Motive,2026-07-04T13:02:18.189174+00:00
15328347403,Motiv,https://www.deezer.com/playlist/15328347403,0,359,6847417923,Vicky,Motive,2026-07-04T13:02:18.189184+00:00
15439403221,AYYY GİBİ,https://www.deezer.com/playlist/15439403221,0,31,6816176503,Arthurrrrrrr,Motive,2026-07-04T13:02:18.189194+00:00
1122997971,"Relax & Chill 🌴 lounge, chill house, afro house",https://www.deezer.com/playlist/1122997971,0,245,371187745,ATLAST,Motive,2026-07-04T13:02:19.108267+00:00
14569499743,"rhythm, the eternal organizer",https://www.deezer.com/playlist/14569499743,0,17,6635753321,Kaimé,Motive,2026-07-04T13:02:19.108313+00:00
8199521622,"Bande Organisé - 13 Organisé (Jul, Sch, Naps...)",https://www.deezer.com/playlist/8199521622,0,45,1419938822,Clusic2,Motive,2026-07-04T13:02:19.108326+00:00
8215262382,bande organisée album ,https://www.deezer.com/playlist/8215262382,0,13,446046161,anonymous,Motive,2026-07-04T13:02:19.108356+00:00
8277954262,En bande organisée ,https://www.deezer.com/playlist/8277954262,0,13,11534961,elototo,Motive,2026-07-04T13:02:19.108365+00:00
2905823142,Naps - 13 Organisé 2,https://www.deezer.com/playlist/2905823142,0,271,1412056842,napsofficiel,Motive,2026-07-04T13:02:19.108374+00:00
14667788021,le Bordel organisé,https://www.deezer.com/playlist/14667788021,0,478,6357824923,anonymous,Motive,2026-07-04T13:02:19.108383+00:00
8236778722,13 organise ,https://www.deezer.com/playlist/8236778722,0,500,3959704842,Mistre,Motive,2026-07-04T13:02:19.108396+00:00
11534721904,Boat Party 13 Organisé,https://www.deezer.com/playlist/11534721904,0,549,536131555,Le Milke,Motive,2026-07-04T13:02:19.108423+00:00
13307603543,le chaos organisé,https://www.deezer.com/playlist/13307603543,0,815,6345565003,zouzouuu,Motive,2026-07-04T13:02:19.108686+00:00
8718623822,100% Ati242,https://www.deezer.com/playlist/8718623822,0,50,4191434582,Deezer Artist Editor,Motive,2026-07-04T13:02:19.568206+00:00
15142551103,2026,https://www.deezer.com/playlist/15142551103,0,19,2171088224,tornadogirl,Motive,2026-07-04T13:02:19.568243+00:00
15029153403,SL2012,https://www.deezer.com/playlist/15029153403,0,29,6787864823,Y2S8F,Motive,2026-07-04T13:02:19.568256+00:00
14555959243,Turkiye,https://www.deezer.com/playlist/14555959243,0,15,6687462043,anonymous,Motive,2026-07-04T13:02:19.568269+00:00
10875644582,Türkçe Rap&Pop,https://www.deezer.com/playlist/10875644582,0,75,3842855322,BatuKhan,Motive,2026-07-04T13:02:19.568280+00:00
15443413161,Repeat List,https://www.deezer.com/playlist/15443413161,0,31,6617892501,Bora Sert,Motive,2026-07-04T13:02:19.568291+00:00
14592941521,Only “Ati242”,https://www.deezer.com/playlist/14592941521,0,20,3842855322,BatuKhan,Motive,2026-07-04T13:02:19.568302+00:00
15377319983,night,https://www.deezer.com/playlist/15377319983,0,14,6679349783,Bekir Yasılak ,Motive,2026-07-04T13:02:19.568312+00:00
15218316083,Turc,https://www.deezer.com/playlist/15218316083,0,32,2256929124,Benjamin,Motive,2026-07-04T13:02:19.568322+00:00
8683776082,100% Sagopa Kajmer,https://www.deezer.com/playlist/8683776082,0,50,4191434582,Deezer Artist Editor,Sagopa Kajmer,2026-07-04T13:02:20.694240+00:00
11572742004,Sagopa,https://www.deezer.com/playlist/11572742004,0,68,2384208144,Patron,Sagopa Kajmer,2026-07-04T13:02:20.694756+00:00
4028545562,Sagapo,https://www.deezer.com/playlist/4028545562,0,17,652880771,deniz_yagmur,Sagopa Kajmer,2026-07-04T13:02:20.694792+00:00
14180004361,MAJORKA,https://www.deezer.com/playlist/14180004361,0,27,6615492961,Kadir Koray Can,Sagopa Kajmer,2026-07-04T13:02:20.694808+00:00
12052562611,sago,https://www.deezer.com/playlist/12052562611,0,70,5699259391,Ahmet,Sagopa Kajmer,2026-07-04T13:02:20.694823+00:00
7774333762,Sagopa kajmer,https://www.deezer.com/playlist/7774333762,0,72,692605371,redo,Sagopa Kajmer,2026-07-04T13:02:20.694863+00:00
11546401424,Sagopa Kajmer,https://www.deezer.com/playlist/11546401424,0,87,971436902,Cano1612,Sagopa Kajmer,2026-07-04T13:02:20.694879+00:00
9544599082,Sagopa,https://www.deezer.com/playlist/9544599082,0,94,3692697642,Tunahan,Sagopa Kajmer,2026-07-04T13:02:20.694892+00:00
10047795362,Mini,https://www.deezer.com/playlist/10047795362,0,18,1121153982,anonymous,Sagopa Kajmer,2026-07-04T13:02:20.694935+00:00
9748429042,Cesária Evora - Best of,https://www.deezer.com/playlist/9748429042,0,40,16867197,Filtr France,Sagopa Kajmer,2026-07-04T13:02:21.275301+00:00
12936260223,Keinemusik - Cesara Lina ∣ Cesaralina ∣ Cezar Nmin,https://www.deezer.com/playlist/12936260223,0,133,6167527263,Pako_gtoledo,Sagopa Kajmer,2026-07-04T13:02:21.275363+00:00
7277576724,100% Ceza,https://www.deezer.com/playlist/7277576724,0,50,1990304482,Deezer Artist Editor,Sagopa Kajmer,2026-07-04T13:02:21.275394+00:00
5340050866,Layer Cake Soundtrack,https://www.deezer.com/playlist/5340050866,0,14,369871903,Sillas Cezar,Sagopa Kajmer,2026-07-04T13:02:21.275412+00:00
6134360984,100% César Menotti & Fabiano,https://www.deezer.com/playlist/6134360984,0,50,1990304482,Deezer Artist Editor,Sagopa Kajmer,2026-07-04T13:02:21.275701+00:00
8777336942,100% Killa Hakan,https://www.deezer.com/playlist/8777336942,0,50,4310229462,Deezer Artist Editor,Sagopa Kajmer,2026-07-04T13:02:21.275717+00:00
3760893906,Donnie Darko and Sound's 80y,https://www.deezer.com/playlist/3760893906,0,37,369871903,Sillas Cezar,Sagopa Kajmer,2026-07-04T13:02:21.275727+00:00
5950299604,Magnolia Soundtrack,https://www.deezer.com/playlist/5950299604,0,14,369871903,Sillas Cezar,Sagopa Kajmer,2026-07-04T13:02:21.275738+00:00
2885854402,Last Action Hero (Soundtrack) — Last Action Hero,https://www.deezer.com/playlist/2885854402,0,12,325221123,Augusto Cezar Veloso,Sagopa Kajmer,2026-07-04T13:02:21.275747+00:00
5590122362,Rap AMERICANO ANTIGO ,https://www.deezer.com/playlist/5590122362,0,72,2071842926,Augusto Cezar,Sagopa Kajmer,2026-07-04T13:02:21.275757+00:00
10478158862,Deutschpop Akustik,https://www.deezer.com/playlist/10478158862,0,71,374224155,Yannick - Deezer Deutschland Editor,Sagopa Kajmer,2026-07-04T13:02:21.699171+00:00
15205546603,Liste 1,https://www.deezer.com/playlist/15205546603,0,21,4733064002,l.kowatsch99,Sagopa Kajmer,2026-07-04T13:02:21.699220+00:00
8700040142,100% Şanışer,https://www.deezer.com/playlist/8700040142,0,10,4191434582,Deezer Artist Editor,Sagopa Kajmer,2026-07-04T13:02:21.699235+00:00
12281995491,Betreff: Liebe,https://www.deezer.com/playlist/12281995491,0,74,374224155,Yannick - Deezer Deutschland Editor,Sagopa Kajmer,2026-07-04T13:02:21.699263+00:00
15452057381,Songs,https://www.deezer.com/playlist/15452057381,0,22,4141432942,Mehmet Tümbal,Sagopa Kajmer,2026-07-04T13:02:21.699276+00:00
14345753681,Dodo,https://www.deezer.com/playlist/14345753681,0,83,513745655,Sanisei12,Sagopa Kajmer,2026-07-04T13:02:21.699287+00:00
14641556801,Şanışer,https://www.deezer.com/playlist/14641556801,0,62,6709814081,Ömer Kaplan,Sagopa Kajmer,2026-07-04T13:02:21.699297+00:00
15001215143,Hittaa emt,https://www.deezer.com/playlist/15001215143,0,52,6743270163,sanister,Sagopa Kajmer,2026-07-04T13:02:21.699308+00:00
15001216643,Kpop,https://www.deezer.com/playlist/15001216643,0,314,6743270163,sanister,Sagopa Kajmer,2026-07-04T13:02:21.699319+00:00
8711818022,100% Contra,https://www.deezer.com/playlist/8711818022,0,40,4191434582,Deezer Artist Editor,Sagopa Kajmer,2026-07-04T13:02:22.141399+00:00
5931668064,"Haïti, la danse contre la dictature",https://www.deezer.com/playlist/5931668064,0,15,652373641,France Culture,Sagopa Kajmer,2026-07-04T13:02:22.141434+00:00
13657937281,Cortisol détox ✨musique contre stress et anxiété,https://www.deezer.com/playlist/13657937281,0,250,16867197,Filtr France,Sagopa Kajmer,2026-07-04T13:02:22.141448+00:00
14877112003,CONTRY ROAD,https://www.deezer.com/playlist/14877112003,0,31,4848031102,anonymous,Sagopa Kajmer,2026-07-04T13:02:22.141460+00:00
15400207803,Contry,https://www.deezer.com/playlist/15400207803,0,57,5947089583,Markus,Sagopa Kajmer,2026-07-04T13:02:22.141471+00:00
15185214443,My Contry,https://www.deezer.com/playlist/15185214443,0,59,2190656324,Michael Grabley,Sagopa Kajmer,2026-07-04T13:02:22.141756+00:00
10548321962,1 2 3 4 5 6 7 8 9 10 11 e 12 poesia acústica,https://www.deezer.com/playlist/10548321962,0,12,5045407502,Anonymous,Sagopa Kajmer,2026-07-04T13:02:22.141791+00:00
2832472788,Contry U.S.A,https://www.deezer.com/playlist/2832472788,0,57,886830557,Capel,Sagopa Kajmer,2026-07-04T13:02:22.141803+00:00
11704534284,Musique film A contre sens ,https://www.deezer.com/playlist/11704534284,0,14,5321850524,maelycaillaud,Sagopa Kajmer,2026-07-04T13:02:22.141814+00:00
12485237243,Country internacional gospel,https://www.deezer.com/playlist/12485237243,0,37,5904233563,Solo contra el mundo Bach,Sagopa Kajmer,2026-07-04T13:02:22.141825+00:00
8694936982,100% Norm Ender,https://www.deezer.com/playlist/8694936982,0,24,4191434582,Deezer Artist Editor,Ceza,2026-07-04T13:02:24.789083+00:00
10435902842,Rap Karışık,https://www.deezer.com/playlist/10435902842,0,34,4334049382,Ismail Uygun,Ceza,2026-07-04T13:02:24.789177+00:00
12546147023,Norm Ender,https://www.deezer.com/playlist/12546147023,0,13,3538933244,anonymous,Ceza,2026-07-04T13:02:24.789219+00:00
14391324781,Norm Ender Tüm Şarkıları,https://www.deezer.com/playlist/14391324781,0,43,6659669901,sinanayatay,Ceza,2026-07-04T13:02:24.789235+00:00
13273885983,Türkçe Rap,https://www.deezer.com/playlist/13273885983,0,19,1351224544,Nuri Özbakır,Ceza,2026-07-04T13:02:24.789247+00:00
15258815163,Kral NORM ENDER,https://www.deezer.com/playlist/15258815163,0,11,5953875343,anonymous,Ceza,2026-07-04T13:02:24.789267+00:00
3134060282,trap,https://www.deezer.com/playlist/3134060282,0,18,1536290602,Anonymous,Ceza,2026-07-04T13:02:24.789288+00:00
8922525162,100% Melike Şahin,https://www.deezer.com/playlist/8922525162,0,24,3476637224,Deezer Artist Editor,Melike Sahin,2026-07-04T13:02:25.827633+00:00
15476713301,🕯️,https://www.deezer.com/playlist/15476713301,0,10,3322502884,anonymous,Melike Sahin,2026-07-04T13:02:25.828164+00:00
13229336563,ekşi,https://www.deezer.com/playlist/13229336563,0,141,6308322443,anonymous,Melike Sahin,2026-07-04T13:02:25.828191+00:00
15367479583,Melike şahin,https://www.deezer.com/playlist/15367479583,0,77,6826531143,bulentbala2014,Melike Sahin,2026-07-04T13:02:25.828212+00:00
15171358203,"Melek Mosso,Sena Şener,Melike Şahin,Cem Adrian",https://www.deezer.com/playlist/15171358203,0,139,6815985943,Ozan ovali,Melike Sahin,2026-07-04T13:02:25.828224+00:00
15264879723,Cem&Mabel&Melike,https://www.deezer.com/playlist/15264879723,0,71,6833643503,Naza,Melike Sahin,2026-07-04T13:02:25.828236+00:00
10917732462,Kelag in 2022,https://www.deezer.com/playlist/10917732462,0,50,4768890222,anonymous,Melike Sahin,2026-07-04T13:02:25.828247+00:00
15386972343,Melike,https://www.deezer.com/playlist/15386972343,0,17,1631955902,ysk42,Melike Sahin,2026-07-04T13:02:25.828257+00:00
14508021443,BENİ ANCAK - MELİKE ŞAHİN | DURMA YÜRÜSENE - MELİK,https://www.deezer.com/playlist/14508021443,0,23,6683012003,esmaseycan23,Melike Sahin,2026-07-04T13:02:25.828267+00:00
8742152922,100% Mabel Matiz,https://www.deezer.com/playlist/8742152922,0,50,4191434582,Deezer Artist Editor,Melike Sahin,2026-07-04T13:02:26.271115+00:00
10926776982,Antidepresan - Mert Demir ft. Mabel Matiz,https://www.deezer.com/playlist/10926776982,0,34,3851717482,Spotify Playlist,Melike Sahin,2026-07-04T13:02:26.271597+00:00
14121516061,Lan - Mabel Matiz,https://www.deezer.com/playlist/14121516061,0,59,6603041401,BTB,Melike Sahin,2026-07-04T13:02:26.271620+00:00
15271913343,🇹🇷🇹🇷,https://www.deezer.com/playlist/15271913343,0,32,6824033763,anonymous,Melike Sahin,2026-07-04T13:02:26.271634+00:00
15178839443,Türkçe,https://www.deezer.com/playlist/15178839443,0,58,6617793301,nurtoptas,Melike Sahin,2026-07-04T13:02:26.271647+00:00
8788946762,100% Melek Mosso,https://www.deezer.com/playlist/8788946762,0,30,4310229462,Deezer Artist Editor,Melike Sahin,2026-07-04T13:02:26.710699+00:00
15151094723,Türk 2026,https://www.deezer.com/playlist/15151094723,0,10,1073210824,erolerdem95,Melike Sahin,2026-07-04T13:02:26.710737+00:00
12078468271,Melek Mosso,https://www.deezer.com/playlist/12078468271,0,16,5703949691,anonymous,Melike Sahin,2026-07-04T13:02:26.710770+00:00
9438209522,Melek mosso,https://www.deezer.com/playlist/9438209522,0,30,2793465544,tlgzrl,Melike Sahin,2026-07-04T13:02:26.710782+00:00
12965327903,Turkish,https://www.deezer.com/playlist/12965327903,0,15,4411342042,Emilie,Melike Sahin,2026-07-04T13:02:26.710793+00:00
5922612384,çukur,https://www.deezer.com/playlist/5922612384,0,10,2805800084,Anonymous,Melike Sahin,2026-07-04T13:02:26.710804+00:00
13328125223,❤️❤️❤️❤️❤️❤️,https://www.deezer.com/playlist/13328125223,0,26,6222340243,Dani,Melike Sahin,2026-07-04T13:02:27.207328+00:00
14417774821,Deep,https://www.deezer.com/playlist/14417774821,0,12,1734851662,Ferooooooooo,Melike Sahin,2026-07-04T13:02:27.207385+00:00
11947389821,dedublüman,https://www.deezer.com/playlist/11947389821,0,15,4359159922,Beyzacik,Melike Sahin,2026-07-04T13:02:27.207399+00:00
14936867483,Türkisch Mix Murx,https://www.deezer.com/playlist/14936867483,0,12,701515051,anonymous,Melike Sahin,2026-07-04T13:02:27.207411+00:00
10839769242,Dedübluman,https://www.deezer.com/playlist/10839769242,0,15,1618578662,ferhat.demirbas,Melike Sahin,2026-07-04T13:02:27.207422+00:00
14247268021,Dedublüman,https://www.deezer.com/playlist/14247268021,0,23,2044408682,GHENA'S WORLD,Melike Sahin,2026-07-04T13:02:27.207434+00:00
13163597203,2025,https://www.deezer.com/playlist/13163597203,0,54,2044408682,GHENA'S WORLD,Melike Sahin,2026-07-04T13:02:27.207445+00:00
15293856403,Istanbul,https://www.deezer.com/playlist/15293856403,0,13,6814786723,ibrahimdnm4209,Melike Sahin,2026-07-04T13:02:27.207455+00:00
14120014301,Dedublüman,https://www.deezer.com/playlist/14120014301,0,30,820492025,Ali,Melike Sahin,2026-07-04T13:02:27.207466+00:00
8694861722,100% Zeynep Bastık,https://www.deezer.com/playlist/8694861722,0,25,4191434582,Deezer Artist Editor,Zeynep Bastik,2026-07-04T13:02:28.224954+00:00
11384202164,000 2023 - summer - günaydin,https://www.deezer.com/playlist/11384202164,0,44,703156101,didi6667,Zeynep Bastik,2026-07-04T13:02:28.225458+00:00
13039806883,Kardesh,https://www.deezer.com/playlist/13039806883,0,25,19418990,Kihara,Zeynep Bastik,2026-07-04T13:02:28.225490+00:00
14455924623,sarıyo,https://www.deezer.com/playlist/14455924623,0,70,6673140963,xGhost,Zeynep Bastik,2026-07-04T13:02:28.225532+00:00
11546182664,😃,https://www.deezer.com/playlist/11546182664,0,14,2008678542,Sandra.Grozdic,Zeynep Bastik,2026-07-04T13:02:28.225547+00:00
8715680362,100% Buray,https://www.deezer.com/playlist/8715680362,0,50,4191434582,Deezer Artist Editor,Zeynep Bastik,2026-07-04T13:02:28.680077+00:00
10334576682,100% Bury Tomorrow,https://www.deezer.com/playlist/10334576682,0,50,3476637224,Deezer Artist Editor,Zeynep Bastik,2026-07-04T13:02:28.680113+00:00
8766346942,100% Burak Yeter,https://www.deezer.com/playlist/8766346942,0,50,4191434582,Deezer Artist Editor,Zeynep Bastik,2026-07-04T13:02:28.680127+00:00
7290497304,France,https://www.deezer.com/playlist/7290497304,0,44,3198837944,Burak,Zeynep Bastik,2026-07-04T13:02:28.680137+00:00
14709277101,Banger,https://www.deezer.com/playlist/14709277101,0,247,3073400544,Burak Trap,Zeynep Bastik,2026-07-04T13:02:28.680148+00:00
11249999544,Aktuell,https://www.deezer.com/playlist/11249999544,0,61,4467345582,carstensteinkopf,Zeynep Bastik,2026-07-04T13:02:28.680157+00:00
11806716341,Techno Playlist,https://www.deezer.com/playlist/11806716341,0,113,3677549522,Burak,Zeynep Bastik,2026-07-04T13:02:28.680167+00:00
13839956101,Burak,https://www.deezer.com/playlist/13839956101,0,206,6517982861,Burak,Zeynep Bastik,2026-07-04T13:02:28.680425+00:00
15347669283,Mix,https://www.deezer.com/playlist/15347669283,0,23,6619942641,tianhendrik10,Zeynep Bastik,2026-07-04T13:02:28.680438+00:00
8745531722,100% Edis,https://www.deezer.com/playlist/8745531722,0,25,4191434582,Deezer Artist Editor,Zeynep Bastik,2026-07-04T13:02:29.126103+00:00
13932078721,Slowed and Reverb (TikTok Edit Audios),https://www.deezer.com/playlist/13932078721,0,70,643790541,Topsify,Zeynep Bastik,2026-07-04T13:02:29.126140+00:00
8685535382,Edison Gomes as melhores ,https://www.deezer.com/playlist/8685535382,0,21,1457663866,carlos Meu forró De Santos Santana,Zeynep Bastik,2026-07-04T13:02:29.126154+00:00
14859391763,HARDTEKK 2026 - Dark Triad / BP Edit Songs,https://www.deezer.com/playlist/14859391763,0,118,6755587803,zolizth,Zeynep Bastik,2026-07-04T13:02:29.126165+00:00
10811623142,Sad TikTok edit songs THAT I LIKE,https://www.deezer.com/playlist/10811623142,0,176,3336126304,lulu66,Zeynep Bastik,2026-07-04T13:02:29.126176+00:00
15163940043,Edits,https://www.deezer.com/playlist/15163940043,0,273,6814705023,Mister T,Zeynep Bastik,2026-07-04T13:02:29.126186+00:00
14519359663,Neu-Katholisch-Apostolisch Edit,https://www.deezer.com/playlist/14519359663,0,10,5079302562,Elias,Zeynep Bastik,2026-07-04T13:02:29.126196+00:00
15404141343,Retro Indie Edit Music,https://www.deezer.com/playlist/15404141343,0,282,6861263523,vfxjohow,Zeynep Bastik,2026-07-04T13:02:29.126206+00:00
8034650182,Another Love - Zwette Edit – Tom Odell,https://www.deezer.com/playlist/8034650182,0,47,3346670304,edub,Zeynep Bastik,2026-07-04T13:02:29.126216+00:00
15431540461,Edit,https://www.deezer.com/playlist/15431540461,0,46,1232561742,ANNA,Zeynep Bastik,2026-07-04T13:02:29.126226+00:00
